Jun 30, 2014 03:05
Jun 30, 2014 03:02
Jun 30, 2014 03:00
Jun 30, 2014 02:59
Jun 30, 2014 02:58
Jun 30, 2014 02:56
Jun 30, 2014 02:55
Jun 30, 2014 02:54
Jun 30, 2014 02:52
Jun 30, 2014 02:49
Jun 30, 2014 02:48
Jun 30, 2014 02:46
Jun 30, 2014 02:44
Jun 30, 2014 02:43
Jun 30, 2014 02:42
Jun 30, 2014 02:41
Jun 30, 2014 02:40
Jun 30, 2014 02:39
Jun 30, 2014 02:36
Jun 30, 2014 02:35
Jun 30, 2014 02:30
Jun 30, 2014 02:27
Jun 30, 2014 01:22
Jun 30, 2014 01:21
Jun 30, 2014 00:41
Jun 30, 2014 00:37
Jun 30, 2014 00:34
Jun 30, 2014 00:33
Jun 30, 2014 00:24
Jun 30, 2014 00:22
Jun 30, 2014 00:21
Jun 30, 2014 00:20
Jun 30, 2014 00:19
Jun 30, 2014 00:14
Jun 30, 2014 00:03
Jun 30, 2014 00:01
Jun 29, 2014 23:55
Jun 29, 2014 23:49
Jun 29, 2014 23:42
Jun 29, 2014 23:40
Jun 29, 2014 23:38
Jun 29, 2014 23:36
Jun 29, 2014 23:35
Jun 29, 2014 23:33
Jun 29, 2014 23:32
Jun 29, 2014 23:28
Jun 29, 2014 23:22
Jun 29, 2014 23:17
Jun 29, 2014 23:12
Jun 29, 2014 23:00
Jun 29, 2014 22:58
Jun 29, 2014 22:57
Jun 29, 2014 22:55
Jun 29, 2014 22:51
Jun 29, 2014 22:50
Jun 29, 2014 22:48
Jun 29, 2014 22:42
Jun 29, 2014 22:39
Jun 29, 2014 22:38
Jun 29, 2014 22:34
Jun 29, 2014 22:31
Jun 29, 2014 22:28
Jun 29, 2014 22:24
Jun 29, 2014 21:54
Jun 29, 2014 21:47
Jun 29, 2014 21:43
Jun 29, 2014 21:36
Jun 29, 2014 21:34
Jun 29, 2014 21:31
Jun 29, 2014 21:28
Jun 29, 2014 19:00
Jun 29, 2014 18:59
Jun 29, 2014 18:57
Jun 29, 2014 18:55
Jun 29, 2014 18:53
Jun 29, 2014 18:52
Jun 29, 2014 18:49
Jun 29, 2014 18:16
Jun 29, 2014 17:59
Jun 29, 2014 17:46
Jun 29, 2014 17:42
Jun 29, 2014 17:34
Jun 29, 2014 17:30
Jun 29, 2014 17:25
Jun 29, 2014 17:16
Jun 29, 2014 17:12
Jun 29, 2014 16:50
Jun 29, 2014 14:49
Jun 29, 2014 14:44
Jun 29, 2014 03:55
Jun 29, 2014 03:51
Jun 29, 2014 03:48
Jun 29, 2014 03:43
Jun 29, 2014 03:36
Jun 29, 2014 03:25
Jun 29, 2014 03:22
Jun 29, 2014 03:20
Jun 29, 2014 03:18
Jun 29, 2014 03:15
Jun 29, 2014 03:14
Jun 29, 2014 03:05
Jun 29, 2014 03:01
Jun 29, 2014 02:59
Jun 29, 2014 02:58
Jun 29, 2014 02:55
Jun 29, 2014 02:53
Jun 29, 2014 02:52
Jun 29, 2014 02:48
Jun 29, 2014 02:44
Jun 29, 2014 02:33
Jun 29, 2014 02:16
Jun 29, 2014 02:14
Jun 29, 2014 02:08
Jun 29, 2014 02:02
Jun 29, 2014 01:56
Jun 29, 2014 01:52
Jun 29, 2014 01:50
Jun 29, 2014 01:44
Jun 29, 2014 01:10
Jun 29, 2014 01:07
Jun 29, 2014 01:03
Jun 29, 2014 01:00
Jun 29, 2014 00:10
Jun 29, 2014 00:05
Jun 28, 2014 22:26
Jun 28, 2014 22:25
Jun 28, 2014 21:49
Jun 28, 2014 21:42
Jun 28, 2014 21:40
Jun 28, 2014 21:37
Jun 28, 2014 21:30
Jun 28, 2014 21:21
Jun 28, 2014 21:18
Jun 28, 2014 21:17
Jun 28, 2014 21:12
Jun 28, 2014 20:29
Jun 28, 2014 20:24
Jun 28, 2014 19:43
Jun 28, 2014 19:38
Jun 28, 2014 19:35
Jun 28, 2014 19:32
Jun 28, 2014 19:28
Jun 28, 2014 18:58
Jun 28, 2014 18:39
Jun 28, 2014 18:25
Jun 28, 2014 18:23
Jun 28, 2014 18:17
 contentscript.js:
Jun 28, 2014 18:11
Jun 28, 2014 18:02
Jun 28, 2014 17:53
Jun 28, 2014 17:52
Jun 28, 2014 17:49
Jun 28, 2014 16:30
Jun 28, 2014 16:25
Jun 28, 2014 05:08
Jun 28, 2014 05:04
Jun 28, 2014 04:14
Jun 28, 2014 04:07
Jun 28, 2014 04:05
Jun 28, 2014 04:01
Jun 28, 2014 03:51
Jun 28, 2014 03:40
Jun 28, 2014 03:37
Jun 28, 2014 03:34
Jun 28, 2014 03:19
Jun 28, 2014 03:04
Jun 28, 2014 02:48
Jun 28, 2014 02:15
Jun 28, 2014 02:12
Jun 28, 2014 02:03
Jun 28, 2014 01:59
Jun 28, 2014 01:35
Jun 28, 2014 01:33
Jun 28, 2014 00:50
Jun 28, 2014 00:42
Jun 28, 2014 00:36
Jun 28, 2014 00:30
Jun 28, 2014 00:24
Jun 28, 2014 00:17
Jun 28, 2014 00:10
Jun 28, 2014 00:07
Jun 27, 2014 23:37
Jun 27, 2014 23:33
Jun 27, 2014 23:22
Jun 27, 2014 23:20
Jun 27, 2014 23:17
Jun 27, 2014 23:11
 contentscript.js:
Jun 27, 2014 22:59
Jun 27, 2014 22:49
Jun 27, 2014 22:38
Jun 27, 2014 22:36
Jun 27, 2014 22:32
Jun 27, 2014 22:30
Jun 27, 2014 22:24
Jun 27, 2014 22:20
Jun 27, 2014 22:18
Jun 27, 2014 22:12
Jun 27, 2014 22:08
Jun 27, 2014 21:59
Jun 27, 2014 21:49
Jun 27, 2014 21:28
Jun 27, 2014 21:06
Jun 27, 2014 21:04
Jun 27, 2014 21:02
Jun 27, 2014 21:00
Jun 27, 2014 20:58
Jun 27, 2014 20:57
Jun 27, 2014 20:56
Jun 27, 2014 20:51
Jun 27, 2014 20:47
Jun 27, 2014 20:45
Jun 27, 2014 19:01
Jun 27, 2014 18:51
Jun 27, 2014 18:48
Jun 27, 2014 18:45
Jun 27, 2014 18:20
Jun 27, 2014 18:15
Jun 27, 2014 18:07
Jun 27, 2014 18:04
Jun 27, 2014 18:03
Jun 27, 2014 17:55
Jun 27, 2014 17:52
Jun 27, 2014 17:47
Jun 27, 2014 17:45
Jun 27, 2014 17:42
Jun 27, 2014 17:41
Jun 27, 2014 17:37
 contentscript.js:
Jun 27, 2014 17:35
Jun 27, 2014 17:30
Jun 27, 2014 17:24
Jun 27, 2014 16:19
Jun 27, 2014 15:47
Jun 27, 2014 15:43
Jun 27, 2014 15:33
Jun 27, 2014 04:28
Jun 27, 2014 04:26
Jun 27, 2014 04:24
Jun 27, 2014 03:53
Jun 27, 2014 03:46
Jun 27, 2014 03:44
Jun 27, 2014 03:39
Jun 27, 2014 03:37
Jun 27, 2014 03:36
Jun 27, 2014 03:34
Jun 27, 2014 03:32
Jun 27, 2014 03:28
Jun 27, 2014 03:16
Jun 27, 2014 03:09
2
Jun 27, 2014 03:06
Jun 27, 2014 03:03
Jun 27, 2014 03:01
Jun 27, 2014 02:59
Jun 27, 2014 02:58
Jun 27, 2014 02:56
Jun 27, 2014 02:55
Jun 27, 2014 02:54
Jun 27, 2014 02:52
Jun 27, 2014 02:51
2
Jun 27, 2014 02:47
Jun 27, 2014 02:45
Jun 27, 2014 02:44
Jun 27, 2014 02:42
Jun 27, 2014 02:41
Jun 27, 2014 02:40
Jun 27, 2014 02:37
 contentscript.js:
Jun 27, 2014 02:36
Jun 27, 2014 02:35
Jun 27, 2014 02:30
Jun 27, 2014 02:28
Jun 27, 2014 02:21
2
Jun 27, 2014 02:18
Jun 27, 2014 02:14
Jun 27, 2014 02:12
Jun 27, 2014 02:11
2
Jun 27, 2014 02:10
Jun 27, 2014 02:07
Jun 27, 2014 02:06
Jun 27, 2014 02:05
Jun 27, 2014 01:58
2
Jun 27, 2014 01:52
2
Jun 27, 2014 01:50
Jun 27, 2014 01:49
Jun 27, 2014 01:48
Jun 27, 2014 01:47
Jun 27, 2014 01:46
2
Jun 27, 2014 01:44
Jun 27, 2014 01:42
Jun 27, 2014 01:41
Jun 27, 2014 01:38
Jun 27, 2014 01:37
Jun 27, 2014 01:36
Jun 27, 2014 01:34
Jun 27, 2014 01:30
Jun 27, 2014 01:28
Jun 27, 2014 01:25
Jun 27, 2014 01:23
Jun 27, 2014 01:21
Jun 27, 2014 01:20
Jun 27, 2014 01:19
Jun 27, 2014 01:17
 contentscript.js:
Jun 27, 2014 01:13
Jun 27, 2014 01:12
Jun 27, 2014 01:09
Jun 27, 2014 01:05
Jun 27, 2014 01:03
Jun 27, 2014 01:02
Jun 27, 2014 00:53
Jun 27, 2014 00:40
Jun 27, 2014 00:39
Jun 27, 2014 00:36
Jun 27, 2014 00:32
Jun 27, 2014 00:28
Jun 27, 2014 00:26
Jun 27, 2014 00:22
Jun 26, 2014 22:58
Jun 26, 2014 22:55
Jun 26, 2014 22:53
Jun 26, 2014 22:47
Jun 26, 2014 22:39
Jun 26, 2014 22:36
Jun 26, 2014 22:33
Jun 26, 2014 22:32
Jun 26, 2014 22:29
Jun 26, 2014 22:25
Jun 26, 2014 22:23
Jun 26, 2014 22:17
Jun 26, 2014 22:15
Jun 26, 2014 22:13
Jun 26, 2014 22:12
2
Jun 26, 2014 21:45
Jun 26, 2014 21:39
Jun 26, 2014 21:29
Jun 26, 2014 21:23
Jun 26, 2014 21:20
Jun 26, 2014 21:17
Jun 26, 2014 20:49
Jun 26, 2014 19:27
Jun 26, 2014 19:25
Jun 26, 2014 19:22
 contentscript.js:
Jun 26, 2014 19:19
Jun 26, 2014 19:14
Jun 26, 2014 19:05
Jun 26, 2014 19:04
Jun 26, 2014 18:59
Jun 26, 2014 18:58
Jun 26, 2014 18:46
Jun 26, 2014 18:31
Jun 26, 2014 18:29
Jun 26, 2014 18:22
Jun 26, 2014 18:17
Jun 26, 2014 18:08
Jun 26, 2014 18:07
Jun 26, 2014 17:11
Jun 26, 2014 16:53
Jun 26, 2014 16:43
Jun 26, 2014 16:37
Jun 26, 2014 16:36
Jun 26, 2014 16:09
Jun 26, 2014 16:05
Jun 26, 2014 16:03
Jun 26, 2014 15:57
Jun 26, 2014 15:53
Jun 26, 2014 15:47
Jun 26, 2014 04:47
Jun 26, 2014 04:44
Jun 26, 2014 04:40
Jun 26, 2014 04:25
Jun 26, 2014 04:22
Jun 26, 2014 04:20
Jun 26, 2014 04:14
Jun 26, 2014 03:57
Jun 26, 2014 03:50
Jun 26, 2014 03:36
Jun 26, 2014 03:22
Jun 26, 2014 03:19
Jun 26, 2014 03:13
Jun 26, 2014 02:54
Jun 26, 2014 02:48
Jun 26, 2014 02:44
 contentscript.js:
Jun 26, 2014 02:37
Jun 26, 2014 02:35
Jun 26, 2014 02:26
Jun 26, 2014 02:23
Jun 26, 2014 02:19
Jun 26, 2014 02:09
Jun 26, 2014 02:04
Jun 26, 2014 01:56
Jun 26, 2014 01:42
Jun 26, 2014 01:39
Jun 26, 2014 01:32
Jun 23, 2014 04:33
Jun 23, 2014 04:29
Jun 23, 2014 04:23
Jun 23, 2014 04:16
Jun 23, 2014 04:11
Jun 23, 2014 04:03
Jun 23, 2014 04:00
Jun 23, 2014 03:54
Jun 23, 2014 03:42
Jun 23, 2014 03:05
Jun 23, 2014 02:49
Jun 23, 2014 02:36
Jun 23, 2014 02:25
Jun 23, 2014 01:34
Jun 22, 2014 23:49
Jun 22, 2014 23:30
Jun 22, 2014 23:16
Jun 22, 2014 23:13
Jun 22, 2014 23:09
Jun 22, 2014 23:07
Jun 22, 2014 22:51
Jun 22, 2014 22:37
Jun 22, 2014 20:48
Jun 22, 2014 20:23
Jun 22, 2014 20:18
Jun 22, 2014 20:17
Jun 22, 2014 19:45
Jun 22, 2014 19:44
Jun 22, 2014 19:42
 contentscript.js:
Jun 22, 2014 19:17
Jun 22, 2014 18:55
Jun 22, 2014 18:47
Jun 22, 2014 18:42
Jun 22, 2014 18:19
Jun 22, 2014 17:48
2
Jun 22, 2014 17:43
Jun 22, 2014 17:30
Jun 22, 2014 17:21
Jun 22, 2014 17:18
Jun 22, 2014 17:07
Jun 22, 2014 17:03
Jun 22, 2014 16:25
Jun 22, 2014 16:22
Jun 22, 2014 06:57
Jun 22, 2014 06:53
Jun 22, 2014 06:52
Jun 22, 2014 06:51
Jun 22, 2014 06:27
Jun 22, 2014 06:19
Jun 22, 2014 05:56
Jun 22, 2014 05:50
Jun 22, 2014 05:45
Jun 22, 2014 05:41
Jun 22, 2014 05:23
Jun 22, 2014 05:21
Jun 22, 2014 04:26
Jun 22, 2014 02:12
Jun 22, 2014 01:57
Jun 22, 2014 01:54
Jun 22, 2014 01:53
Jun 22, 2014 01:44
Jun 22, 2014 01:41
Jun 22, 2014 01:15
Jun 22, 2014 00:33
Jun 22, 2014 00:16
Jun 22, 2014 00:12
Jun 22, 2014 00:11
Jun 22, 2014 00:04
 contentscript.js:
Jun 21, 2014 23:42
Jun 21, 2014 23:36
Jun 21, 2014 23:29
Jun 21, 2014 23:20
Jun 21, 2014 23:15
Jun 21, 2014 23:12
Jun 21, 2014 23:11
Jun 21, 2014 22:07
Jun 21, 2014 21:59
Jun 21, 2014 21:51
Jun 21, 2014 14:07
Jun 21, 2014 14:02
Jun 21, 2014 04:17
2
Jun 21, 2014 03:12
Jun 21, 2014 03:09
Jun 21, 2014 02:51
Jun 21, 2014 02:29
Jun 21, 2014 02:27
Jun 21, 2014 02:24
Jun 21, 2014 02:21
Jun 21, 2014 02:12
Jun 21, 2014 02:06
Jun 21, 2014 02:04
Jun 21, 2014 02:02
Jun 21, 2014 02:01
Jun 21, 2014 02:00
Jun 21, 2014 01:55
Jun 21, 2014 01:53
Jun 21, 2014 01:29
Jun 21, 2014 01:13
Jun 21, 2014 00:55
Jun 21, 2014 00:49
Jun 21, 2014 00:35
Jun 20, 2014 23:59
Jun 20, 2014 23:39
Jun 20, 2014 23:35
Jun 20, 2014 22:41
Jun 20, 2014 22:32
Jun 20, 2014 22:27
XHR finished loadimethingawful.com/search.php?action=resultsmber=29". contentscript.js:267
 contentscript.js:
Jun 20, 2014 22:22
Jun 20, 2014 22:17
Jun 20, 2014 20:26
Jun 20, 2014 20:16
Jun 20, 2014 19:03
Jun 20, 2014 18:56
Jun 20, 2014 18:54
Jun 20, 2014 18:21
Jun 20, 2014 18:06
Jun 20, 2014 17:25
Jun 20, 2014 17:21
Jun 20, 2014 17:15
Jun 20, 2014 16:58
Jun 20, 2014 16:57
Jun 20, 2014 16:54
Jun 20, 2014 16:49
Jun 20, 2014 16:46
Jun 20, 2014 16:44
Jun 20, 2014 16:43
Jun 20, 2014 16:39
Jun 20, 2014 16:38
Jun 20, 2014 16:19
Jun 20, 2014 16:15
Jun 20, 2014 16:10
Jun 20, 2014 16:06
Jun 20, 2014 15:58
Jun 20, 2014 15:50
Jun 20, 2014 15:48
Jun 20, 2014 15:44
Jun 20, 2014 15:39
Jun 20, 2014 15:38
Jun 20, 2014 14:15
Jun 20, 2014 05:14
Jun 20, 2014 05:11
Jun 20, 2014 05:08
Jun 20, 2014 05:05
Jun 20, 2014 05:03
Jun 20, 2014 04:56
Jun 20, 2014 04:54
Jun 20, 2014 04:52
XHR finished loadimethingawful.com/search.php?action=resultsmber=30". contentscript.js:267
 contentscript.js:
Jun 20, 2014 04:51
Jun 20, 2014 04:48
Jun 20, 2014 04:40
Jun 20, 2014 04:37
Jun 20, 2014 04:31
Jun 20, 2014 04:24
Jun 20, 2014 04:14
Jun 20, 2014 04:11
Jun 20, 2014 04:08
Jun 20, 2014 04:04
Jun 20, 2014 04:02
Jun 20, 2014 04:00
Jun 20, 2014 03:57
Jun 20, 2014 03:54
Jun 20, 2014 03:52
Jun 20, 2014 03:48
Jun 20, 2014 03:46
Jun 20, 2014 03:43
Jun 20, 2014 03:42
Jun 20, 2014 03:41
Jun 20, 2014 03:35
Jun 20, 2014 03:34
Jun 20, 2014 03:32
Jun 20, 2014 03:31
Jun 20, 2014 03:30
Jun 20, 2014 03:27
Jun 20, 2014 03:26
Jun 20, 2014 03:25
Jun 20, 2014 03:23
Jun 20, 2014 03:07
Jun 20, 2014 02:56
Jun 20, 2014 02:55
Jun 20, 2014 02:52
Jun 20, 2014 02:47
Jun 20, 2014 02:42
Jun 20, 2014 02:36
Jun 20, 2014 02:27
Jun 20, 2014 02:25
Jun 20, 2014 02:24
Jun 20, 2014 02:23
XHR finished loadimethingawful.com/search.php?action=resultsmber=31". contentscript.js:267
 contentscript.js:
Jun 20, 2014 02:17
Jun 20, 2014 02:02
Jun 20, 2014 01:27
Jun 20, 2014 01:21
Jun 20, 2014 01:09
Jun 20, 2014 00:20
Jun 20, 2014 00:18
Jun 20, 2014 00:16
Jun 19, 2014 22:55
Jun 19, 2014 21:21
Jun 19, 2014 20:14
Jun 19, 2014 19:40
Jun 19, 2014 19:30
Jun 19, 2014 19:26
Jun 19, 2014 19:24
Jun 19, 2014 19:20
Jun 19, 2014 19:18
Jun 19, 2014 19:13
Jun 19, 2014 19:10
Jun 19, 2014 19:08
Jun 19, 2014 19:06
Jun 19, 2014 18:53
Jun 19, 2014 18:50
Jun 19, 2014 18:45
Jun 19, 2014 18:16
Jun 19, 2014 17:58
Jun 19, 2014 17:49
Jun 19, 2014 17:45
Jun 19, 2014 17:41
Jun 19, 2014 17:39
Jun 19, 2014 17:28
Jun 19, 2014 17:20
Jun 19, 2014 17:17
Jun 19, 2014 17:15
Jun 19, 2014 17:06
Jun 19, 2014 17:00
Jun 19, 2014 16:58
Jun 19, 2014 16:56
Jun 19, 2014 16:54
Jun 19, 2014 16:48
 contentscript.js:
Jun 19, 2014 16:47
Jun 19, 2014 16:32
Jun 19, 2014 16:27
Jun 19, 2014 16:07
Jun 19, 2014 15:59
Jun 19, 2014 15:58
Jun 19, 2014 15:55
Jun 19, 2014 11:39
Jun 19, 2014 11:33
Jun 19, 2014 06:01
Jun 19, 2014 05:33
Jun 19, 2014 05:10
Jun 19, 2014 05:06
Jun 19, 2014 04:56
Jun 19, 2014 04:54
Jun 19, 2014 04:52
Jun 19, 2014 04:39
Jun 19, 2014 04:37
Jun 19, 2014 04:35
Jun 19, 2014 04:32
Jun 19, 2014 04:29
Jun 19, 2014 04:26
Jun 19, 2014 04:07
Jun 19, 2014 04:01
Jun 19, 2014 03:55
Jun 19, 2014 03:53
Jun 19, 2014 03:31
Jun 19, 2014 03:28
Jun 19, 2014 02:55
Jun 19, 2014 02:13
Jun 19, 2014 02:04
Jun 19, 2014 01:58
Jun 19, 2014 01:36
Jun 19, 2014 01:20
Jun 19, 2014 01:18
Jun 19, 2014 00:14
Jun 19, 2014 00:12
Jun 19, 2014 00:06
Jun 19, 2014 00:03
Jun 19, 2014 00:00
 contentscript.js:
Jun 18, 2014 23:54
2
Jun 18, 2014 23:52
Jun 18, 2014 23:51
Jun 18, 2014 23:49
Jun 18, 2014 23:41
Jun 18, 2014 23:36
Jun 18, 2014 23:29
Jun 18, 2014 23:28
Jun 18, 2014 21:33
Jun 18, 2014 21:18
Jun 18, 2014 21:15
Jun 18, 2014 21:11
Jun 18, 2014 21:06
Jun 18, 2014 21:01
Jun 18, 2014 20:59
Jun 18, 2014 20:52
Jun 18, 2014 20:17
Jun 18, 2014 18:21
Jun 18, 2014 17:25
Jun 18, 2014 17:14
Jun 18, 2014 17:08
Jun 18, 2014 17:04
Jun 18, 2014 17:01
Jun 18, 2014 16:58
Jun 18, 2014 16:55
Jun 18, 2014 16:52
Jun 18, 2014 16:50
Jun 18, 2014 16:47
Jun 18, 2014 16:44
Jun 18, 2014 16:40
Jun 18, 2014 16:37
Jun 18, 2014 16:35
Jun 18, 2014 16:28
Jun 18, 2014 16:23
Jun 18, 2014 16:18
Jun 18, 2014 04:58
Jun 18, 2014 04:44
Jun 18, 2014 04:41
Jun 18, 2014 04:35
 contentscript.js:
Jun 18, 2014 04:34
Jun 18, 2014 04:29
Jun 18, 2014 04:26
Jun 18, 2014 04:24
Jun 18, 2014 04:21
Jun 18, 2014 04:18
Jun 18, 2014 04:16
Jun 18, 2014 03:45
Jun 18, 2014 03:40
Jun 18, 2014 03:37
Jun 18, 2014 02:51
Jun 18, 2014 02:47
Jun 18, 2014 02:24
Jun 18, 2014 02:19
Jun 18, 2014 02:17
Jun 18, 2014 02:15
Jun 18, 2014 02:12
Jun 18, 2014 02:10
Jun 18, 2014 01:58
Jun 18, 2014 01:55
Jun 18, 2014 01:51
Jun 18, 2014 01:47
Jun 18, 2014 01:44
Jun 18, 2014 01:28
Jun 18, 2014 01:01
Jun 18, 2014 00:58
Jun 18, 2014 00:42
Jun 18, 2014 00:11
Jun 18, 2014 00:07
Jun 18, 2014 00:03
Jun 17, 2014 23:23
Jun 17, 2014 23:22
Jun 17, 2014 23:18
Jun 17, 2014 23:14
Jun 17, 2014 23:06
Jun 17, 2014 23:02
Jun 17, 2014 22:39
Jun 17, 2014 22:34
Jun 17, 2014 22:21